s037,0,0,0.08854,0.13391,0.04537,0.06172,0.13092,0.06920,0.05801,0.0635,0.00549,0.06523,0.23161,0.16638,0.06599,0.31098,0.24499,0.08064,0.15757,0.07693,0.08752,0.12434,0.03682,0.08344,0.10561,0.02217,0.07998,0.08492,0.00494,0.09664,0.2397,0.14306,0.05740
s037,0,0,0.10307,0.11026,0.00719,0.07038,0.16723,0.09685,0.04964,0.05178,0.00214,0.09075,0.24779,0.15704,0.06892,0.31399,0.24507,0.09461,0.16346,0.06885,0.08805,0.13439,0.04634,0.10447,0.08948,-0.01499,0.07041,0.14996,0.07955,0.11497,0.24885,0.13388,0.10265
s037,0,0,0.11145,0.1649,0.05345,0.07453,0.1651,0.09057,0.04769,0.06281,0.01512,0.07604,0.27852,0.20248,0.08629,0.33839,0.25210,0.06191,0.22574,0.16383,0.09142,0.07876,-0.01266,0.11644,0.13357,0.01713,0.07934,0.15963,0.08029,0.08434,0.18675,0.10241,0.11069
s016,0,0,0.10291,0.48236,0.37945,0.05861,0.17599,0.11738,0.08486,0.26598,0.18112,0.09233,1.15569,1.06336,0.04886,0.81702,0.76816,0.10009,0.24089,0.14080,0.09792,0.22505,0.12713,0.12549,0.35773,0.23224,0.09350,0.30921,0.21571,0.10290,0.35809,0.25519,0.11759
s016,0,0,0.11119,0.14925,0.03806,0.09671,0.11444,0.01773,0.07871,0.11992,0.04121,0.08882,0.66915,0.58033,0.06976,0.35135,0.28159,0.08277,0.08723,0.00446,0.08133,0.12007,0.03874,0.11528,0.0955,-0.01978,0.09317,0.06699,-0.02618,0.14376,0.59029,0.44653,0.09013
s016,0,0,0.09758,0.30586,0.20828,0.06603,0.14491,0.07888,0.07935,0.16522,0.08587,0.09798,0.53163,0.43365,0.10482,1.11633,1.01151,0.10518,0.21954,0.11436,0.08971,0.15368,0.06397,0.09674,0.10529,0.00855,0.08666,0.18999,0.10333,0.11192,0.69106,0.57914,0.10485
s024,0,0,0.11783,0.12219,0.00436,0.08270,0.08848,0.00578,0.09715,0.07395,-0.02320,0.15679,0.12804,-0.02875,0.09289,0.26456,0.17167,0.11942,0.22712,0.10770,0.08133,0.13325,0.05192,0.10847,0.07984,-0.02863,0.11887,0.11334,-0.00553,0.09854,0.18185,0.08331,0.06054
s024,0,0,0.07830,0.30448,0.22618,0.08091,0.15063,0.06972,0.06435,0.09001,0.02566,0.09014,0.18074,0.09060,0.07657,0.29815,0.22158,0.08685,0.16638,0.07953,0.09069,0.12614,0.03545,0.08968,0.10022,0.01054,0.09097,0.14281,0.05184,0.12898,0.29559,0.16661,0.07906
s024,0,0,0.07119,0.15111,0.07992,0.05073,0.16119,0.11046,0.05109,0.14611,0.09502,0.05360,0.43818,0.38458,0.04731,0.32093,0.27362,0.04686,0.27081,0.22395,0.04331,0.14922,0.10591,0.07885,0.10023,0.02138,0.05617,0.2015,0.14533,0.04874,0.20714,0.15840,0.04741
s017,0,0,0.06841,0.18668,0.11827,0.07762,0.13519,0.05757,0.08447,0.08586,0.00139,0.09156,0.21346,0.12190,0.10562,0.31308,0.20746,0.10969,0.16823,0.05854,0.08878,0.09883,0.01005,0.11018,0.10096,-0.00922,0.13499,0.09254,-0.04245,0.09967,0.20739,0.10772,0.08102
s017,0,0,0.06825,0.15295,0.08470,0.05986,0.08574,0.02588,0.04722,0.10837,0.06115,0.07072,0.20637,0.13565,0.05492,0.34586,0.29094,0.04461,0.17504,0.13043,0.06262,0.10415,0.04153,0.07076,0.08014,0.00938,0.05152,0.13565,0.08413,0.07271,0.17954,0.10683,0.06828
s017,0,0,0.13957,0.20355,0.06398,0.10592,0.18272,0.07680,0.15428,0.16972,0.01544,0.10361,0.24853,0.14492,0.08327,0.52896,0.44569,0.15153,0.32988,0.17835,0.13666,0.18502,0.04836,0.16218,0.15389,-0.00829,0.15058,0.20347,0.05289,0.12228,0.19541,0.07313,0.13447
s015,0,0,0.06069,0.11805,0.05736,0.07235,0.07344,0.00109,0.08718,0.04761,-0.03957,0.06542,0.16507,0.09965,0.07277,0.22774,0.15497,0.07007,0.14318,0.07311,0.07387,0.10388,0.03001,0.09280,0.0811,-0.01170,0.06833,0.08353,0.01520,0.08334,0.17678,0.09344,0.06473
s015,0,0,0.07527,0.09027,0.01500,0.10808,0.10488,-0.00320,0.06176,0.04483,-0.01693,0.11033,0.21592,0.10559,0.07984,0.23581,0.15597,0.07867,0.1096,0.03093,0.08957,0.11655,0.02698,0.11425,0.06935,-0.04490,0.07585,0.08233,0.00648,0.07347,0.17583,0.10236,0.05334
s015,0,0,0.08910,0.08791,-0.00119,0.08120,0.15049,0.06929,0.06737,0.06168,-0.00569,0.07980,0.22293,0.14313,0.09530,0.29749,0.20219,0.08890,0.14949,0.06059,0.07757,0.13898,0.06141,0.10225,0.08349,-0.01876,0.08662,0.14817,0.06155,0.10414,0.19136,0.08722,0.13247
s056,0,0,0.07994,0.1067,0.02676,0.09078,0.12305,0.03227,0.10608,0.07353,-0.03255,0.06183,0.14724,0.08541,0.12005,0.2669,0.14685,0.10330,0.12591,0.02261,0.10447,0.10316,-0.00131,0.09948,0.1006,0.00112,0.04441,0.14181,0.09740,0.10485,0.11438,0.00953,0.12548
s056,0,0,0.10749,0.06089,-0.04660,0.09166,0.22296,0.13130,0.10191,0.07982,-0.02209,0.10287,0.48957,0.38670,0.06213,0.33942,0.27729,0.09177,0.16084,0.06907,0.09866,0.12261,0.02395,0.09991,0.09595,-0.00396,0.10148,0.14333,0.04185,0.14025,0.21964,0.07939,0.12437
s056,0,0,0.09523,0.15921,0.06398,0.06929,0.10271,0.03342,0.06500,0.0725,0.00750,0.07179,0.19788,0.12609,0.07709,0.30024,0.22315,0.08541,0.15142,0.06601,0.07298,0.12255,0.04957,0.08171,0.21124,0.12953,0.08388,0.17201,0.08813,0.07611,0.22903,0.15292,0.06095
s057,0,0,0.04886,0.55055,0.50169,0.07659,0.05626,-0.02033,0.10429,0.11918,0.01489,0.06742,0.26932,0.20190,0.05805,0.28536,0.22731,0.04894,0.25262,0.20368,0.06093,0.33923,0.27830,0.07543,0.08317,0.00774,0.10419,0.07414,-0.03005,0.10265,0.50563,0.40298,0.07430
s057,0,0,0.08732,0.11526,0.02794,0.09139,0.09634,0.00495,0.08438,0.08676,0.00238,0.10558,0.06279,-0.04279,0.09824,0.2226,0.12436,0.08289,0.14049,0.05760,0.07548,0.09349,0.01801,0.10387,0.10094,-0.00293,0.05151,0.05283,0.00132,0.13102,0.22979,0.09877,0.13645
s057,0,0,0.10289,0.24059,0.13770,0.05649,0.13292,0.07643,0.07128,0.11506,0.04378,0.05953,0.70702,0.64749,0.05705,0.74727,0.69022,0.06272,0.28354,0.22082,0.04587,0.12953,0.08366,0.06940,0.18101,0.11161,0.06216,0.24743,0.18527,0.07689,0.35071,0.27382,0.07440
s054,0,0,0.06714,0.22041,0.15327,0.07698,0.12042,0.04344,0.06069,0.10275,0.04206,0.07720,0.36025,0.28305,0.09978,0.35333,0.25355,0.07402,0.10938,0.03536,0.06366,0.12023,0.05657,0.08733,0.12652,0.03919,0.15145,0.09778,-0.05367,0.10893,0.24679,0.13786,0.06268
s054,0,0,0.06517,0.14748,0.08231,0.07144,0.09842,0.02698,0.07915,0.06496,-0.01419,0.07479,0.18428,0.10949,0.08237,0.24837,0.16600,0.09150,0.16645,0.07495,0.08265,0.1077,0.02505,0.07921,0.07792,-0.00129,0.03631,0.13735,0.10104,0.10051,0.10793,0.00742,0.08566
s054,0,0,0.09068,0.12812,0.03744,0.07678,0.11418,0.03740,0.06088,0.02632,-0.03456,0.10325,0.20941,0.10616,0.05882,0.25302,0.19420,0.10242,0.12847,0.02605,0.12769,0.10901,-0.01868,0.09204,0.08007,-0.01197,0.14932,0.1192,-0.03012,0.10581,0.25879,0.15298,0.07764
s055,0,0,0.03947,0.47393,0.43446,0.05953,0.14224,0.08271,0.04289,0.16649,0.12360,0.07474,0.21418,0.13944,0.07338,0.32515,0.25177,0.11811,0.17014,0.05203,0.06835,0.11695,0.04860,0.06720,0.10619,0.03899,0.06632,0.15068,0.08436,0.07944,0.22994,0.15050,0.05770
s055,0,0,0.12555,0.3999,0.27435,0.07836,0.2015,0.12314,0.08032,0.14936,0.06904,0.07687,0.23033,0.15346,0.06109,0.45857,0.39748,0.09329,0.35044,0.25715,0.11700,0.18826,0.07126,0.12935,0.28672,0.15737,0.08603,0.27342,0.18739,0.11126,0.43179,0.32053,0.08785
s055,0,0,0.09674,0.10898,0.01224,0.10650,0.12501,0.01851,0.07843,0.07986,0.00143,0.13060,0.10256,-0.02804,0.07350,0.18241,0.10891,0.10744,0.10044,-0.00700,0.07804,0.1049,0.02686,0.08969,0.06782,-0.02187,0.05760,0.15694,0.09934,0.11809,0.1512,0.03311,0.13283
s052,0,0,0.07467,0.62008,0.54541,0.07337,0.04332,-0.03005,0.11847,0.14134,0.02287,0.09669,0.27604,0.17935,0.07863,0.28571,0.20708,0.09282,0.28285,0.19003,0.06627,0.39201,0.32574,0.12312,0.04531,-0.07781,0.10363,0.05271,-0.05092,0.12775,0.36872,0.24097,0.06914
s052,0,0,0.04997,0.64019,0.59022,0.09392,0.07228,-0.02164,0.12328,0.1222,-0.00108,0.06362,0.30367,0.24005,0.05066,0.27187,0.22121,0.07848,0.21849,0.14001,0.07533,0.34316,0.26783,0.11934,0.07433,-0.04501,0.11306,0.07065,-0.04241,0.09938,0.3339,0.23452,0.06966
s052,0,0,0.05678,0.50159,0.44481,0.13295,0.1146,-0.01835,0.09695,0.39434,0.29739,0.09329,0.86705,0.77376,0.08032,0.82746,0.74714,0.11556,0.51702,0.40146,0.11365,0.30381,0.19016,0.21280,0.16895,-0.04385,0.08397,0.47585,0.39188,0.08767,0.92166,0.83399,0.08656
s053,0,0,0.05680,0.44067,0.38387,0.05715,0.30464,0.24749,0.05027,0.26757,0.21730,0.07333,0.33458,0.26125,0.05458,0.50767,0.45309,0.05010,0.34842,0.29832,0.04699,0.23138,0.18439,0.12434,0.17354,0.04920,0.05908,0.27283,0.21375,0.04805,0.27863,0.23058,0.05017
s053,0,0,0.10038,0.19024,0.08986,0.09134,0.16904,0.07770,0.07624,0.07765,0.00141,0.08590,0.20814,0.12224,0.07460,0.25479,0.18019,0.06680,0.17206,0.10526,0.07932,0.13521,0.05589,0.06626,0.15326,0.08700,0.09878,0.1933,0.09452,0.08713,0.32674,0.23961,0.07875
s053,0,0,0.09226,0.1091,0.01684,0.07709,0.11261,0.03552,0.08599,0.08839,0.00240,0.07499,0.17981,0.10482,0.06604,0.18457,0.11853,0.06400,0.1096,0.04560,0.09101,0.08514,-0.00587,0.07278,0.11812,0.04534,0.08744,0.22028,0.13284,0.07540,0.19367,0.11827,0.07676
s050,0,0,0.07221,0.18763,0.11542,0.05170,0.13074,0.07904,0.06226,0.04357,-0.01869,0.07555,0.23609,0.16054,0.05465,0.23843,0.18378,0.09234,0.14338,0.05104,0.07981,0.12052,0.04071,0.10927,0.12261,0.01334,0.07511,0.19546,0.12035,0.06566,0.48444,0.41878,0.09320
s050,0,0,0.08873,0.13587,0.04714,0.09377,0.21868,0.12491,0.09216,0.14852,0.05636,0.06750,0.17391,0.10641,0.07309,0.29645,0.22336,0.10094,0.19578,0.09484,0.08499,0.13726,0.05227,0.05566,0.16721,0.11155,0.06606,0.1772,0.11114,0.10005,0.27827,0.17822,0.10408
s050,0,0,0.09511,0.13896,0.04385,0.09272,0.13599,0.04327,0.06733,0.13089,0.06356,0.08864,0.39576,0.30712,0.08483,0.34697,0.26214,0.09649,0.12314,0.02665,0.08836,0.14586,0.05750,0.11369,0.05945,-0.05424,0.08845,0.19915,0.11070,0.08037,0.21325,0.13288,0.08268
s051,0,0,0.05819,0.49591,0.43772,0.06121,0.19218,0.13097,0.04816,0.33657,0.28841,0.05122,0.50342,0.45220,0.04108,2.00494,1.96386,0.04628,0.67558,0.62930,0.06373,0.35046,0.28673,0.06095,0.26335,0.20240,0.04442,0.48079,0.43637,0.04446,0.58938,0.54492,0.06436
s051,0,0,0.06425,0.14316,0.07891,0.07599,0.08125,0.00526,0.06011,0.09055,0.03044,0.08767,0.24417,0.15650,0.06172,0.19005,0.12833,0.07252,0.12553,0.05301,0.09113,0.10317,0.01204,0.08695,0.06357,-0.02338,0.09060,0.10567,0.01507,0.07654,0.16003,0.08349,0.07003
s051,0,0,0.11100,0.21625,0.10525,0.07378,0.0829,0.00912,0.07254,0.12873,0.05619,0.06305,0.1725,0.10945,0.06949,0.2851,0.21561,0.07639,0.15955,0.08316,0.07636,0.07408,-0.00228,0.08078,0.13804,0.05726,0.11355,0.11485,0.00130,0.08777,0.18946,0.10169,0.05905
s018,0,0,0.11946,0.15027,0.03081,0.06183,0.10281,0.04098,0.08830,0.04924,-0.03906,0.07522,0.15064,0.07542,0.07978,0.24005,0.16027,0.09207,0.12968,0.03761,0.06154,0.08699,0.02545,0.06767,0.08523,0.01756,0.10280,0.11244,0.00964,0.05701,0.16312,0.10611,0.07717
s018,0,0,0.10724,0.15989,0.05265,0.07483,0.11969,0.04486,0.05842,0.04892,-0.00950,0.09332,0.52018,0.42686,0.08739,0.86618,0.77879,0.11788,0.22532,0.10744,0.09158,0.1616,0.07002,0.10632,0.0816,-0.02472,0.14994,0.05022,-0.09972,0.11876,0.27417,0.15541,0.08558
s018,0,0,0.07173,0.36872,0.29699,0.08422,0.12659,0.04237,0.08446,0.16541,0.08095,0.07956,0.22091,0.14135,0.09411,0.46571,0.37160,0.14278,0.18715,0.04437,0.07300,0.1222,0.04920,0.09608,0.15033,0.05425,0.09062,0.22242,0.13180,0.09880,0.19986,0.10106,0.10589
s019,0,0,0.06357,0.52677,0.46320,0.08661,0.21281,0.12620,0.06831,0.10208,0.03377,0.08913,0.4181,0.32897,0.07366,0.48365,0.40999,0.10081,0.32063,0.21982,0.07392,0.12189,0.04797,0.12546,0.20834,0.08288,0.06880,0.28968,0.22088,0.06861,0.66722,0.59861,0.12757
s019,0,0,0.08091,0.21375,0.13284,0.05814,0.15877,0.10063,0.06130,0.10788,0.04658,0.05980,0.54409,0.48429,0.04605,0.36534,0.31929,0.04731,0.30147,0.25416,0.05649,0.2381,0.18161,0.09164,0.23426,0.14262,0.06202,0.23519,0.17317,0.07102,0.27042,0.19940,0.02081
s019,0,0,0.10295,0.16585,0.06290,0.10394,0.11815,0.01421,0.06335,0.08226,0.01891,0.08650,0.18483,0.09833,0.08554,0.25907,0.17353,0.13375,0.12931,-0.00444,0.12697,0.11847,-0.00850,0.13372,0.13133,-0.00239,0.07037,0.07866,0.00829,0.08745,0.18719,0.09974,0.10296
s038,0,0,0.08154,0.26219,0.18065,0.08413,0.08524,0.00111,0.06040,0.12513,0.06473,0.08894,0.22727,0.13833,0.06835,0.40048,0.33213,0.06074,0.30874,0.24800,0.08582,0.1367,0.05088,0.08807,0.0847,-0.00337,0.07389,0.17502,0.10113,0.09669,0.37315,0.27646,0.09495
s038,0,0,0.10388,0.13319,0.02931,0.08285,0.15627,0.07342,0.06270,0.11225,0.04955,0.09360,0.43928,0.34568,0.09556,0.53285,0.43729,0.10666,0.32035,0.21369,0.10299,0.33926,0.23627,0.13908,0.16844,0.02936,0.07552,0.19453,0.11901,0.10567,0.25482,0.14915,0.09868
s038,0,0,0.07851,0.5674,0.48889,0.09786,0.11285,0.01499,0.07896,0.13316,0.05420,0.07219,0.25094,0.17875,0.06000,0.43208,0.37208,0.08395,0.29683,0.21288,0.08972,0.12787,0.03815,0.10987,0.13423,0.02436,0.07040,0.12907,0.05867,0.11627,0.29371,0.17744,0.09198
s039,0,0,0.07344,0.23399,0.16055,0.07434,0.17195,0.09761,0.06914,0.18256,0.11342,0.09096,0.65159,0.56063,0.08122,0.54551,0.46429,0.13099,0.32859,0.19760,0.06645,0.23548,0.16903,0.09116,0.15658,0.06542,0.07348,0.31573,0.24225,0.06297,0.53578,0.47281,0.08104
s039,0,0,0.06547,0.5939,0.52843,0.08626,0.06046,-0.02580,0.12922,0.13061,0.00139,0.07771,0.65755,0.57984,0.06119,0.34716,0.28597,0.07121,0.23067,0.15946,0.07499,0.14905,0.07406,0.09676,0.26975,0.17299,0.12852,0.07456,-0.05396,0.11840,0.63671,0.51831,0.08696
s039,0,0,0.09382,0.26912,0.17530,0.12267,0.37249,0.24982,0.08089,0.2004,0.11951,0.08454,0.48578,0.40124,0.11637,0.62457,0.50820,0.16160,0.15137,-0.01023,0.08913,0.17204,0.08291,0.10231,0.0951,-0.00721,0.07961,0.19827,0.11866,0.07848,0.18655,0.10807,0.09981
s012,0,0,0.09023,0.56005,0.46982,0.04826,0.12998,0.08172,0.06860,2.63856,2.56996,0.07370,0.75905,0.68535,0.07624,0.9257,0.84946,0.13958,0.31405,0.17447,0.11090,0.35661,0.24571,0.14816,0.2937,0.14554,0.09783,0.26578,0.16795,0.09302,0.57043,0.47741,0.10102
s012,0,0,0.15274,0.1302,-0.02254,0.13853,0.16191,0.02338,0.14042,0.09994,-0.04048,0.13500,0.2725,0.13750,0.11635,0.31825,0.20190,0.15512,0.22211,0.06699,0.10363,0.12325,0.01962,0.20184,0.16761,-0.03423,0.15934,0.13337,-0.02597,0.17280,0.27181,0.09901,0.16861
s012,0,0,0.11121,0.10843,-0.00278,0.11090,0.17033,0.05943,0.12879,0.10867,-0.02012,0.12288,0.22077,0.09789,0.11041,0.30093,0.19052,0.11838,0.2132,0.09482,0.10645,0.11031,0.00386,0.22022,0.17364,-0.04658,0.14592,0.12531,-0.02061,0.15694,0.28289,0.12595,0.14541
s013,0,0,0.07071,0.10072,0.03001,0.07271,0.11378,0.04107,0.09666,0.07315,-0.02351,0.04073,0.34566,0.30493,0.08401,0.45938,0.37537,0.07386,0.13922,0.06536,0.08002,0.10146,0.02144,0.09333,0.08485,-0.00848,0.03653,0.12796,0.09143,0.06876,0.21446,0.14570,0.08497
s013,0,0,0.05769,0.23307,0.17538,0.04546,0.1219,0.07644,0.04587,0.09215,0.04628,0.05501,0.65867,0.60366,0.04430,0.43523,0.39093,0.05836,0.27627,0.21791,0.04563,0.13361,0.08798,0.08580,0.11754,0.03174,0.05283,0.24698,0.19415,0.06797,0.31324,0.24527,0.07416
s013,0,0,0.10421,0.11709,0.01288,0.04823,0.14913,0.10090,0.10300,0.08659,-0.01641,0.05141,0.19032,0.13891,0.06219,0.30259,0.24040,0.06019,0.21494,0.15475,0.07824,0.09904,0.02080,0.10835,0.05989,-0.04846,0.12891,0.08676,-0.04215,0.09655,0.20286,0.10631,0.06311
s010,0,0,0.10146,0.14161,0.04015,0.07131,0.1798,0.10849,0.06455,0.09536,0.03081,0.08133,0.50079,0.41946,0.07783,0.39805,0.32022,0.09641,0.18972,0.09331,0.07407,0.11935,0.04528,0.07370,0.11306,0.03936,0.08252,0.17653,0.09401,0.10222,0.4896,0.38738,0.08957
s010,0,0,0.08739,0.11488,0.02749,0.05734,0.12338,0.06604,0.08403,0.08723,0.00320,0.06534,0.17401,0.10867,0.05971,0.197,0.13729,0.06089,0.12982,0.06893,0.08322,0.09945,0.01623,0.06269,0.10321,0.04052,0.07823,0.21475,0.13652,0.08836,0.20814,0.11978,0.06865
s010,0,0,0.07546,0.13673,0.06127,0.05294,0.15499,0.10205,0.04426,0.09437,0.05011,0.05873,0.45637,0.39764,0.05591,0.35405,0.29814,0.04410,0.28427,0.24017,0.03901,0.14381,0.10480,0.07824,0.12763,0.04939,0.04904,0.20961,0.16057,0.07192,0.21572,0.14380,0.06658
s011,0,0,0.26912,0.38651,0.11739,0.17614,0.17935,0.00321,0.14458,0.16811,0.02353,0.13802,0.56284,0.42482,0.08156,0.32119,0.23963,0.12065,0.15431,0.03366,0.12058,0.099,-0.02158,0.14786,0.11647,-0.03139,0.16539,0.11791,-0.04748,0.15022,0.27287,0.12265,0.12403
s011,0,0,0.11101,0.24218,0.13117,0.09036,0.26658,0.17622,0.10648,0.50303,0.39655,0.08031,0.3583,0.27799,0.06657,0.52099,0.45442,0.11739,0.35397,0.23658,0.07593,0.15544,0.07951,0.14101,0.13863,-0.00238,0.07335,0.17964,0.10629,0.10582,0.29925,0.19343,0.07904
s011,0,0,0.09539,0.16677,0.07138,0.09719,0.16049,0.06330,0.08728,0.14558,0.05830,0.10252,0.30231,0.19979,0.06036,0.27662,0.21626,0.10730,0.27801,0.17071,0.10761,0.14513,0.03752,0.11987,0.08567,-0.03420,0.14564,0.15235,0.00671,0.05129,0.01531,-0.03598,0.13064
s030,0,0,0.05577,0.39347,0.33770,0.12092,0.18791,0.06699,0.08831,0.21971,0.13140,0.09954,0.32974,0.23020,0.10367,0.40358,0.29991,0.11057,0.3313,0.22073,0.08234,0.17246,0.09012,0.11458,0.1476,0.03302,0.09218,0.26023,0.16805,0.07370,0.48259,0.40889,0.10143
s030,0,0,0.12893,0.32535,0.19642,0.11418,0.21049,0.09631,0.13062,0.26166,0.13104,0.17566,0.53532,0.35966,0.07367,0.51173,0.43806,0.07835,0.34003,0.26168,0.11912,0.20034,0.08122,0.11176,0.24817,0.13641,0.13689,0.29022,0.15333,0.08513,1.3001,1.21497,0.06888
s030,0,0,0.14329,0.23711,0.09382,0.12662,0.16117,0.03455,0.12301,0.32709,0.20408,0.13606,0.44401,0.30795,0.07386,0.42835,0.35449,0.07945,0.25413,0.17468,0.12670,0.15903,0.03233,0.10868,0.20647,0.09779,0.10871,0.24097,0.13226,0.08410,0.30562,0.22152,0.08484
s031,0,0,0.07753,0.18298,0.10545,0.09004,0.15038,0.06034,0.06549,0.08938,0.02389,0.06260,0.21914,0.15654,0.06189,0.3247,0.26281,0.10025,0.16899,0.06874,0.10507,0.12259,0.01752,0.13184,0.14496,0.01312,0.08945,0.14976,0.06031,0.10532,0.4149,0.30958,0.09186
s031,0,0,0.11350,0.26431,0.15081,0.06283,0.13422,0.07139,0.07923,0.12806,0.04883,0.06537,0.30456,0.23919,0.05520,0.43743,0.38223,0.07905,0.33642,0.25737,0.04501,0.12934,0.08433,0.08072,0.13436,0.05364,0.05758,0.15591,0.09833,0.08099,0.27513,0.19414,0.06218
s031,0,0,0.10196,0.2725,0.17054,0.09988,0.33897,0.23909,0.07753,0.20465,0.12712,0.11398,0.33253,0.21855,0.09994,0.38597,0.28603,0.15436,0.24889,0.09453,0.08199,0.12444,0.04245,0.14683,0.17706,0.03023,0.07865,0.21512,0.13647,0.12085,0.34419,0.22334,0.07925
s032,0,0,0.17396,0.24772,0.07376,0.10666,0.50575,0.39909,0.15797,0.14079,-0.01718,0.15153,0.36041,0.20888,0.10489,0.3002,0.19531,0.12857,0.19947,0.07090,0.12266,0.12133,-0.00133,0.17850,0.18223,0.00373,0.18391,0.12651,-0.05740,0.15490,0.27022,0.11532,0.14735
s032,0,0,0.12724,0.35156,0.22432,0.12459,0.15906,0.03447,0.11618,0.2726,0.15642,0.09651,0.21512,0.11861,0.07629,0.32381,0.24752,0.09628,0.51911,0.42283,0.13105,0.21865,0.08760,0.11109,0.11741,0.00632,0.10642,0.19515,0.08873,0.12844,0.25898,0.13054,0.09353
s032,0,0,0.11171,0.40654,0.29483,0.09934,0.15921,0.05987,0.13965,0.12669,-0.01296,0.13266,0.45604,0.32338,0.08611,0.45546,0.36935,0.08894,0.33247,0.24353,0.17163,0.60151,0.42988,0.14501,0.2768,0.13179,0.16490,0.12077,-0.04413,0.17203,0.38246,0.21043,0.10440
s033,0,0,0.10471,0.30979,0.20508,0.15643,0.11134,-0.04509,0.14621,0.20713,0.06092,0.11803,0.66361,0.54558,0.07389,0.64157,0.56768,0.14374,0.41872,0.27498,0.13287,0.26258,0.12971,0.17759,0.25168,0.07409,0.12458,0.38641,0.26183,0.11696,0.38282,0.26586,0.08841
s033,0,0,0.10919,0.13633,0.02714,0.07214,0.12676,0.05462,0.06579,0.08101,0.01522,0.09602,0.39333,0.29731,0.09041,0.34327,0.25286,0.09612,0.22082,0.12470,0.09889,0.12046,0.02157,0.09106,0.10725,0.01619,0.07460,0.12334,0.04874,0.13264,0.24598,0.11334,0.08248
s033,0,0,0.07181,0.75374,0.68193,0.11979,0.11837,-0.00142,0.08958,0.28255,0.19297,0.06566,0.44625,0.38059,0.07643,0.54432,0.46789,0.16622,0.216,0.04978,0.10832,0.23183,0.12351,0.18070,0.21957,0.03887,0.08283,0.37287,0.29004,0.09671,0.51965,0.42294,0.10562
s005,0,0,0.08227,0.11803,0.03576,0.09800,0.18739,0.08939,0.09202,0.11655,0.02453,0.06833,0.20475,0.13642,0.06806,0.22681,0.15875,0.06688,0.10002,0.03314,0.09440,0.14149,0.04709,0.05934,0.06667,0.00733,0.09399,0.21866,0.12467,0.08166,0.13392,0.05226,0.09740
s005,0,0,0.15378,0.26479,0.11101,0.13458,0.18941,0.05483,0.10972,0.96227,0.85255,0.12841,0.62395,0.49554,0.08518,0.42369,0.33851,0.11193,0.23848,0.12655,0.12078,0.14511,0.02433,0.11150,0.26364,0.15214,0.11131,0.28963,0.17832,0.10570,0.3549,0.24920,0.08440
s005,0,0,0.19133,0.23686,0.04553,0.11030,0.1796,0.06930,0.12636,0.20075,0.07439,0.15914,0.53521,0.37607,0.10187,0.71406,0.61219,0.09763,0.32631,0.22868,0.13240,0.16755,0.03515,0.10973,0.19412,0.08439,0.11641,0.21158,0.09517,0.10411,0.29296,0.18885,0.10159
s048,0,0,0.10290,0.16946,0.06656,0.09246,0.10826,0.01580,0.08366,0.08691,0.00325,0.10240,1.65964,1.55724,0.08635,0.5412,0.45485,0.09793,0.21186,0.11393,0.07888,0.10791,0.02903,0.10265,0.10501,0.00236,0.09925,0.10646,0.00721,0.10773,0.21941,0.11168,0.10194
s048,0,0,0.11621,0.17915,0.06294,0.07884,0.07745,-0.00139,0.06804,0.09729,0.02925,0.12598,0.34079,0.21481,0.07657,0.38239,0.30582,0.08489,0.10548,0.02059,0.08761,0.13681,0.04920,0.09007,0.09719,0.00712,0.06711,0.13043,0.06332,0.09871,0.23097,0.13226,0.10575
s048,0,0,0.06776,0.4793,0.41154,0.16500,0.19386,0.02886,0.08125,0.23898,0.15773,0.08734,0.30862,0.22128,0.08145,0.54954,0.46809,0.13379,0.2495,0.11571,0.12665,0.19524,0.06859,0.23886,0.39261,0.15375,0.08009,1.01707,0.93698,0.07482,0.81423,0.73941,0.09438
s007,0,0,0.11034,0.19119,0.08085,0.10972,0.2475,0.13778,0.09824,0.14187,0.04363,0.06632,0.20209,0.13577,0.11487,0.48622,0.37135,0.07018,0.19341,0.12323,0.06569,0.11772,0.05203,0.06250,0.14789,0.08539,0.08524,0.19522,0.10998,0.12244,0.2922,0.16976,0.16724
s007,0,0,0.07553,0.11816,0.04263,0.07344,0.106,0.03256,0.07198,0.08051,0.00853,0.08497,0.17978,0.09481,0.06852,0.25941,0.19089,0.09008,0.13159,0.04151,0.07814,0.1118,0.03366,0.08838,0.09811,0.00973,0.11830,0.09343,-0.02487,0.08540,0.20536,0.11996,0.06754
s007,0,0,0.05279,0.43091,0.37812,0.04957,0.31253,0.26296,0.04937,0.20493,0.15556,0.10951,0.36481,0.25530,0.05306,0.59704,0.54398,0.05612,0.38193,0.32581,0.04922,0.39424,0.34502,0.09085,0.20451,0.11366,0.05737,0.43566,0.37829,0.05289,0.43538,0.38249,0.05356
s003,0,0,0.23701,0.11752,-0.11949,0.16995,0.15082,-0.01913,0.15858,0.06545,-0.09313,0.26780,0.20709,-0.06071,0.08045,0.3082,0.22775,0.14669,0.24564,0.09895,0.15002,0.11619,-0.03383,0.16137,0.15384,-0.00753,0.07612,0.08579,0.00967,0.11074,0.27161,0.16087,0.10975
s003,0,0,0.07764,0.11735,0.03971,0.07183,0.06489,-0.00694,0.08425,0.0633,-0.02095,0.07500,0.18399,0.10899,0.07593,0.22785,0.15192,0.05878,0.12919,0.07041,0.09851,0.12424,0.02573,0.09612,0.08319,-0.01293,0.06266,0.30795,0.24529,0.07530,0.17441,0.09911,0.07236
s003,0,0,0.08308,0.1532,0.07012,0.12692,0.13563,0.00871,0.07675,0.16588,0.08913,0.11921,0.2133,0.09409,0.09481,0.25765,0.16284,0.15833,0.21241,0.05408,0.11021,0.09673,-0.01348,0.12485,0.12726,0.00241,0.15188,0.09438,-0.05750,0.05317,0.05166,-0.00151,0.13872
s002,0,0,0.10058,0.18559,0.08501,0.07987,0.14036,0.06049,0.06758,0.12478,0.05720,0.08862,0.4661,0.37748,0.07628,0.4436,0.36732,0.11311,0.18527,0.07216,0.08411,0.22678,0.14267,0.10865,0.13468,0.02603,0.06448,0.18087,0.11639,0.08496,0.22047,0.13551,0.07522
s002,0,0,0.05801,0.10008,0.04207,0.08984,0.1549,0.06506,0.04429,0.07506,0.03077,0.08368,0.21861,0.13493,0.05198,0.44364,0.39166,0.10082,0.27114,0.17032,0.06828,0.13599,0.06771,0.09850,0.07372,-0.02478,0.08608,0.36732,0.28124,0.08327,0.20026,0.11699,0.09845
s002,0,0,0.09272,0.39034,0.29762,0.10876,0.10689,-0.00187,0.07886,0.03668,-0.04218,0.08147,1.05396,0.97249,0.06555,0.38962,0.32407,0.07040,0.21721,0.14681,0.09903,0.29359,0.19456,0.06359,0.17003,0.10644,0.07092,0.16704,0.09612,0.06439,0.18724,0.12285,0.07482
s041,0,0,0.03436,0.51321,0.47885,0.04615,0.31625,0.27010,0.03063,0.30747,0.27684,0.05208,1.15514,1.10306,0.04236,0.55675,0.51439,0.04512,0.40967,0.36455,0.03936,0.38288,0.34352,0.08646,0.19473,0.10827,0.04774,0.49917,0.45143,0.04123,0.99491,0.95368,0.04823
s041,0,0,0.10902,0.16672,0.05770,0.09871,0.14216,0.04345,0.11962,0.10951,-0.01011,0.08319,0.16455,0.08136,0.09198,0.24777,0.15579,0.11989,0.13004,0.01015,0.09884,0.40985,0.31101,0.11720,0.14039,0.02319,0.07966,0.17567,0.09601,0.09850,0.14409,0.04559,0.13382
s041,0,0,0.22218,0.52878,0.30660,0.13616,0.14244,0.00628,0.10433,0.20014,0.09581,0.12918,1.16287,1.03369,0.08640,0.92712,0.84072,0.13025,0.26396,0.13371,0.13774,0.40068,0.26294,0.16689,0.40697,0.24008,0.11676,0.20693,0.09017,0.12125,0.2807,0.15945,0.09743
s040,0,0,0.09549,0.32417,0.22868,0.11622,0.15921,0.04299,0.12101,0.15604,0.03503,0.11762,0.33654,0.21892,0.08517,0.45215,0.36698,0.10737,0.30113,0.19376,0.12054,0.11922,-0.00132,0.18329,0.25555,0.07226,0.12471,0.08584,-0.03887,0.18382,0.37212,0.18830,0.11424
s040,0,0,0.05525,0.15016,0.09491,0.04080,0.0918,0.05100,0.05248,0.05991,0.00743,0.06227,0.52144,0.45917,0.05584,0.41938,0.36354,0.06053,0.19512,0.13459,0.05666,0.08143,0.02477,0.06045,0.15013,0.08968,0.05731,0.23286,0.17555,0.05379,0.54119,0.48740,0.04859
s040,0,0,0.11348,0.2955,0.18202,0.05605,0.13014,0.07409,0.05896,0.17889,0.11993,0.07862,0.33156,0.25294,0.05733,0.36903,0.31170,0.07408,0.18747,0.11339,0.08615,0.13187,0.04572,0.07840,0.18896,0.11056,0.15022,0.12774,-0.02248,0.16124,0.44374,0.28250,0.16748
s043,0,0,0.06523,0.31147,0.24624,0.08417,0.28769,0.20352,0.06252,0.11973,0.05721,0.08797,0.49136,0.40339,0.07024,0.52214,0.45190,0.10558,0.30996,0.20438,0.06322,0.15194,0.08872,0.09915,0.17447,0.07532,0.07127,0.3664,0.29513,0.06692,0.95413,0.88721,0.08210
s043,0,0,0.05878,0.2632,0.20442,0.07322,0.17486,0.10164,0.06434,0.31554,0.25120,0.08410,0.82192,0.73782,0.04015,0.63967,0.59952,0.03749,0.37949,0.34200,0.05743,0.10364,0.04621,0.08417,0.2087,0.12453,0.04282,0.27355,0.23073,0.03485,0.2708,0.23595,0.03863
s043,0,0,0.07829,0.33578,0.25749,0.05860,0.15233,0.09373,0.05345,0.15396,0.10051,0.04508,0.24841,0.20333,0.04704,0.46023,0.41319,0.05238,0.27648,0.22410,0.07127,0.10761,0.03634,0.09259,0.18741,0.09482,0.04721,0.1911,0.14389,0.07769,0.21768,0.13999,0.06229
s042,0,0,0.08643,0.15943,0.07300,0.06038,0.1709,0.11052,0.05382,0.0839,0.03008,0.07594,0.5056,0.42966,0.04134,0.34514,0.30380,0.04705,0.28137,0.23432,0.03595,0.08598,0.05003,0.08469,0.15264,0.06795,0.06111,0.19871,0.13760,0.06241,0.24371,0.18130,0.07537
s042,0,0,0.08262,0.34773,0.26511,0.07645,0.15276,0.07631,0.05311,0.15747,0.10436,0.06555,0.19988,0.13433,0.07961,0.53961,0.46000,0.11303,0.15943,0.04640,0.07666,0.15331,0.07665,0.09147,0.13859,0.04712,0.09679,0.18391,0.08712,0.09609,0.28995,0.19386,0.07837
s042,0,0,0.08297,0.134,0.05103,0.10591,0.10454,-0.00137,0.08116,0.08257,0.00141,0.03905,0.15116,0.11211,0.06387,0.23498,0.17111,0.09966,0.14579,0.04613,0.08892,0.05271,-0.03621,0.09960,0.1437,0.04410,0.03328,0.16325,0.12997,0.06958,0.21129,0.14171,0.07858
s008,0,0,0.07421,0.12938,0.05517,0.06698,0.26985,0.20287,0.08371,0.19657,0.11286,0.09524,0.86199,0.76675,0.09892,0.33126,0.23234,0.10218,0.11338,0.01120,0.09472,0.08618,-0.00854,0.11060,0.10072,-0.00988,0.11774,0.09285,-0.02489,0.09890,0.50863,0.40973,0.12341
s008,0,0,0.10886,0.16726,0.05840,0.09051,0.11134,0.02083,0.07702,0.11433,0.03731,0.11291,0.28389,0.17098,0.08978,0.35908,0.26930,0.09740,0.17878,0.08138,0.03426,0.06266,0.02840,0.08587,0.32625,0.24038,0.05851,0.23116,0.17265,0.07378,0.26431,0.19053,0.10365
s008,0,0,0.05620,0.13898,0.08278,0.09006,0.08211,-0.00795,0.08549,0.14178,0.05629,0.09552,0.17259,0.07707,0.08927,0.28179,0.19252,0.10808,0.17786,0.06978,0.07665,0.09036,0.01371,0.06954,0.13059,0.06105,0.11691,0.07949,-0.03742,0.11566,0.23421,0.11855,0.11549
s047,0,0,0.11498,0.17118,0.05620,0.14970,0.15286,0.00316,0.15256,0.10982,-0.04274,0.13990,0.231,0.09110,0.12223,0.28977,0.16754,0.17414,0.20338,0.02924,0.11987,0.14607,0.02620,0.16807,0.17357,0.00550,0.14594,0.1038,-0.04214,0.16687,0.27181,0.10494,0.13687
s047,0,0,0.07526,0.22113,0.14587,0.07517,0.37436,0.29919,0.05343,0.16349,0.11006,0.05469,1.31651,1.26182,0.06473,0.43072,0.36599,0.08487,0.36503,0.28016,0.06784,0.1496,0.08176,0.07514,0.16309,0.08795,0.09604,0.28067,0.18463,0.09773,0.24537,0.14764,0.11384
s047,0,0,0.08975,0.35044,0.26069,0.09392,0.22455,0.13063,0.06201,0.08005,0.01804,0.09504,0.46208,0.36704,0.07093,0.40398,0.33305,0.11270,0.23742,0.12472,0.06397,0.11335,0.04938,0.12466,0.16732,0.04266,0.05312,0.22164,0.16852,0.07392,0.40345,0.32953,0.08249
s046,0,0,0.08090,0.31491,0.23401,0.10375,0.35854,0.25479,0.06041,0.09058,0.03017,0.11647,0.71809,0.60162,0.10902,0.58785,0.47883,0.13198,0.30817,0.17619,0.07095,0.11705,0.04610,0.12894,0.19761,0.06867,0.07093,0.32787,0.25694,0.06674,0.6479,0.58116,0.09564
s046,0,0,0.12758,0.34149,0.21391,0.09996,0.2139,0.11394,0.08463,0.22123,0.13660,0.09587,0.55964,0.46377,0.10810,1.04656,0.93846,0.12457,0.21939,0.09482,0.07894,0.16041,0.08147,0.06243,0.16327,0.10084,0.10470,0.47661,0.37191,0.10582,0.31213,0.20631,0.06471
s046,0,0,0.11141,0.64505,0.53364,0.07872,0.13704,0.05832,0.06156,0.17439,0.11283,0.08153,0.18515,0.10362,0.08919,0.43769,0.34850,0.11071,0.31938,0.20867,0.08560,0.1907,0.10510,0.10504,0.1011,-0.00394,0.09233,0.17333,0.08100,0.10192,0.23805,0.13613,0.07974
s049,0,0,0.08539,0.37294,0.28755,0.13342,0.24241,0.10899,0.06809,0.22221,0.15412,0.13876,0.38091,0.24215,0.08052,0.49266,0.41214,0.12561,0.21839,0.09278,0.09005,0.17893,0.08888,0.15141,0.24604,0.09463,0.07878,0.33912,0.26034,0.06623,0.65325,0.58702,0.09405
s049,0,0,0.09402,0.41158,0.31756,0.13655,0.27652,0.13997,0.07245,0.21302,0.14057,0.12380,0.32697,0.20317,0.11939,0.71582,0.59643,0.12780,0.25896,0.13116,0.08797,0.16476,0.07679,0.14056,0.21587,0.07531,0.08432,0.51187,0.42755,0.08915,0.59471,0.50556,0.07608
s049,0,0,0.10262,0.36633,0.26371,0.13742,0.15186,0.01444,0.07244,0.19025,0.11781,0.12434,0.23202,0.10768,0.09947,0.56822,0.46875,0.11055,0.17071,0.06016,0.08793,0.15969,0.07176,0.15683,0.25071,0.09388,0.07685,0.34726,0.27041,0.07874,0.40394,0.32520,0.09225
s029,0,0,0.08762,0.15214,0.06452,0.06618,0.12189,0.05571,0.05801,0.07476,0.01675,0.08129,0.21298,0.13169,0.08034,0.28021,0.19987,0.09662,0.18417,0.08755,0.09296,0.14934,0.05638,0.08165,0.08277,0.00112,0.09790,0.07242,-0.02548,0.10642,0.21879,0.11237,0.07118
s029,0,0,0.13467,0.15378,0.01911,0.11622,0.15014,0.03392,0.10433,0.09128,-0.01305,0.11951,0.28545,0.16594,0.11095,0.58185,0.47090,0.15754,0.21425,0.05671,0.11976,0.16602,0.04626,0.14142,0.13428,-0.00714,0.13366,0.07122,-0.06244,0.13961,0.25872,0.11911,0.14260
s029,0,0,0.16176,0.26194,0.10018,0.13407,0.19822,0.06415,0.17339,0.3246,0.15121,0.14386,0.4319,0.28804,0.09314,0.41814,0.32500,0.10508,0.26625,0.16117,0.12329,0.11482,-0.00847,0.12430,0.25828,0.13398,0.11034,0.26018,0.14984,0.09141,0.30545,0.21404,0.08287
s004,0,0,0.08466,0.14873,0.06407,0.08652,0.16478,0.07826,0.05668,0.13073,0.07405,0.06628,0.23256,0.16628,0.08809,0.28809,0.20000,0.08374,0.17997,0.09623,0.08268,0.12278,0.04010,0.05425,0.1526,0.09835,0.07024,0.13483,0.06459,0.08851,0.24355,0.15504,0.07861
s004,0,0,0.09213,0.08915,-0.00298,0.06168,0.15068,0.08900,0.07977,0.07609,-0.00368,0.06473,0.20832,0.14359,0.05228,0.26866,0.21638,0.06402,0.15325,0.08923,0.08387,0.07285,-0.01102,0.06945,0.14797,0.07852,0.07711,0.21828,0.14117,0.08462,0.17697,0.09235,0.11667
s004,0,0,0.06172,0.18926,0.12754,0.05180,0.1141,0.06230,0.05052,0.09933,0.04881,0.06460,0.25831,0.19371,0.05244,0.37577,0.32333,0.05640,0.15974,0.10334,0.05943,0.14648,0.08705,0.05074,0.04569,-0.00505,0.07760,0.16486,0.08726,0.07495,0.17774,0.10279,0.07296
s027,0,0,0.06935,0.27286,0.20351,0.04566,0.09959,0.05393,0.04858,0.1109,0.06232,0.05149,0.47162,0.42013,0.06173,0.43944,0.37771,0.06213,0.18879,0.12666,0.06252,0.1211,0.05858,0.07481,0.09285,0.01804,0.06038,0.16923,0.10885,0.05547,0.25443,0.19896,0.06662
s027,0,0,0.08724,0.46105,0.37381,0.08943,0.18657,0.09714,0.10861,0.08401,-0.02460,0.08403,0.44347,0.35944,0.06741,0.30876,0.24135,0.11074,0.19265,0.08191,0.09330,0.09016,-0.00314,0.10941,0.11784,0.00843,0.09319,0.15362,0.06043,0.09158,0.29004,0.19846,0.05395
s027,0,0,0.08748,0.19796,0.11048,0.06292,0.17176,0.10884,0.09838,0.104,0.00562,0.07954,0.88388,0.80434,0.04620,0.43178,0.38558,0.10407,0.2037,0.09963,0.09228,0.07036,-0.02192,0.11123,0.13237,0.02114,0.10682,0.16304,0.05622,0.10430,0.28314,0.17884,0.06275
s026,0,0,0.11073,0.17472,0.06399,0.07550,0.14078,0.06528,0.07361,0.1092,0.03559,0.08244,0.41763,0.33519,0.02902,0.41033,0.38131,0.09866,0.11556,0.01690,0.07225,0.08324,0.01099,0.12186,0.09918,-0.02268,0.09910,0.07454,-0.02456,0.09000,0.19953,0.10953,0.09980
s026,0,0,0.08485,0.12992,0.04507,0.09304,0.13923,0.04619,0.08771,0.12563,0.03792,0.09485,0.16789,0.07304,0.08213,0.29976,0.21763,0.09442,0.18168,0.08726,0.08889,0.13514,0.04625,0.09646,0.08795,-0.00851,0.09285,0.13092,0.03807,0.10574,0.22723,0.12149,0.08976
s026,0,0,0.08615,0.17153,0.08538,0.08468,0.12868,0.04400,0.09037,0.11003,0.01966,0.09456,0.17162,0.07706,0.07881,0.29876,0.21995,0.09703,0.21918,0.12215,0.09260,0.16824,0.07564,0.09220,0.08965,-0.00255,0.06876,0.14268,0.07392,0.09802,0.2231,0.12508,0.08820
s025,0,0,0.11217,0.16124,0.04907,0.06956,0.12905,0.05949,0.06027,0.11161,0.05134,0.07417,0.49358,0.41941,0.07385,0.36199,0.28814,0.08833,0.14102,0.05269,0.08197,0.13074,0.04877,0.05713,0.07814,0.02101,0.08187,0.16607,0.08420,0.09398,0.46037,0.36639,0.09134
s025,0,0,0.12466,0.15535,0.03069,0.07120,0.13413,0.06293,0.08883,0.12409,0.03526,0.08541,0.51653,0.43112,0.06858,0.35069,0.28211,0.07681,0.17172,0.09491,0.08027,0.11436,0.03409,0.08076,0.10051,0.01975,0.07588,0.16014,0.08426,0.09689,0.55473,0.45784,0.07983
s025,0,0,0.12584,0.29025,0.16441,0.13231,0.26252,0.13021,0.13198,0.14506,0.01308,0.14162,0.49482,0.35320,0.09663,0.45358,0.35695,0.10104,0.20872,0.10768,0.09067,0.10011,0.00944,0.13747,0.07888,-0.05859,0.09114,0.04593,-0.04521,0.17433,0.19216,0.01783,0.11704
s028,0,0,0.09135,0.12398,0.03263,0.08103,0.10668,0.02565,0.07833,0.06686,-0.01147,0.04554,0.13286,0.08732,0.09052,0.30323,0.21271,0.07883,0.13643,0.05760,0.09541,0.17179,0.07638,0.02683,0.03088,0.00405,0.06793,0.13901,0.07108,0.08309,0.38684,0.30375,0.10224
s028,0,0,0.06231,0.17813,0.11582,0.05607,0.09223,0.03616,0.05871,0.07326,0.01455,0.07758,0.59315,0.51557,0.05248,0.45132,0.39884,0.06639,0.21545,0.14906,0.06045,0.05819,-0.00226,0.07200,0.13062,0.05862,0.05833,0.20265,0.14432,0.04307,0.25197,0.20890,0.05592
s028,0,0,0.10814,0.22945,0.12131,0.06548,0.12326,0.05778,0.08907,0.10162,0.01255,0.08579,0.28836,0.20257,0.09608,0.4097,0.31362,0.10317,0.15653,0.05336,0.08873,0.11936,0.03063,0.12711,0.10648,-0.02063,0.09277,0.20065,0.10788,0.09778,0.25111,0.15333,0.07699
s022,0,0,0.05094,0.53103,0.48009,0.05462,0.35031,0.29569,0.05094,0.25509,0.20415,0.07880,0.42445,0.34565,0.06129,0.57737,0.51608,0.05421,0.39995,0.34574,0.04868,0.39152,0.34284,0.05545,0.17615,0.12070,0.05561,0.34262,0.28701,0.04674,0.51301,0.46627,0.06365
s022,0,0,0.06327,0.18563,0.12236,0.07978,0.12752,0.04774,0.06464,0.06939,0.00475,0.08254,0.20243,0.11989,0.09354,0.32958,0.23604,0.08640,0.09565,0.00925,0.07898,0.12488,0.04590,0.09236,0.10216,0.00980,0.06529,0.0385,-0.02679,0.11152,0.25335,0.14183,0.07590
s022,0,0,0.08763,0.24249,0.15486,0.08745,0.11605,0.02860,0.09814,0.11736,0.01922,0.10532,0.25839,0.15307,0.09291,0.39223,0.29932,0.01471,0.10774,0.09303,0.11147,0.19023,0.07876,0.10742,0.53846,0.43104,0.07329,0.22692,0.15363,0.06482,0.19138,0.12656,0.09134
s021,0,0,0.04426,0.57629,0.53203,0.05363,0.56066,0.50703,0.04352,0.2521,0.20858,0.06723,0.30852,0.24129,0.05705,0.66653,0.60948,0.05954,0.40789,0.34835,0.05479,0.34695,0.29216,0.10276,0.22341,0.12065,0.05091,0.31085,0.25994,0.04722,0.4714,0.42418,0.05720
s021,0,0,0.08577,0.24187,0.15610,0.08925,0.1069,0.01765,0.07723,0.16322,0.08599,0.08301,0.25182,0.16881,0.09199,0.46815,0.37616,0.14761,0.22487,0.07726,0.07942,0.1544,0.07498,0.10664,0.14463,0.03799,0.07983,0.20269,0.12286,0.09522,0.24273,0.14751,0.10979
s021,0,0,0.11614,0.142,0.02586,0.10303,0.14591,0.04288,0.08494,0.10701,0.02207,0.08367,0.21224,0.12857,0.11011,0.31715,0.20704,0.10838,0.16098,0.05260,0.08681,0.14249,0.05568,0.08248,0.13524,0.05276,0.09434,0.16,0.06566,0.11146,0.24612,0.13466,0.09159
s020,0,0,0.12080,0.19414,0.07334,0.11732,0.18289,0.06557,0.12872,0.16757,0.03885,0.09142,0.21205,0.12063,0.07742,0.29382,0.21640,0.11866,0.15107,0.03241,0.10869,0.18612,0.07743,0.15170,0.32788,0.17618,0.11827,0.30107,0.18280,0.15596,0.33484,0.17888,0.14689
s020,0,0,0.10121,0.1301,0.02889,0.09002,0.10946,0.01944,0.11263,0.06685,-0.04578,0.08026,0.20159,0.12133,0.08661,0.36256,0.27595,0.09166,0.25233,0.16067,0.13614,0.41173,0.27559,0.11650,0.46931,0.35281,0.09977,1.22879,1.12902,0.09987,0.24868,0.14881,0.09657
s020,0,0,0.12215,0.14606,0.02391,0.10794,0.15639,0.04845,0.08266,0.1289,0.04624,0.09203,0.22266,0.13063,0.11324,0.31955,0.20631,0.10338,0.17494,0.07156,0.10213,0.14059,0.03846,0.09489,0.13449,0.03960,0.11277,0.21191,0.09914,0.08867,0.25335,0.16468,0.09756
s034,0,0,0.08141,0.17856,0.09715,0.07000,0.08535,0.01535,0.06312,0.11215,0.04903,0.06497,0.53219,0.46722,0.07304,0.61156,0.53852,0.09150,0.11248,0.02098,0.09093,0.08964,-0.00129,0.09192,0.07795,-0.01397,0.09408,0.14426,0.05018,0.09283,0.20109,0.10826,0.09265
s034,0,0,0.07469,0.09178,0.01709,0.10569,0.13141,0.02572,0.06476,0.05503,-0.00973,0.09390,0.18843,0.09453,0.08592,0.29901,0.21309,0.14794,0.12851,-0.01943,0.12544,0.12686,0.00142,0.11768,0.07191,-0.04577,0.12988,0.12368,-0.00620,0.10114,0.24822,0.14708,0.06403
s034,0,0,0.09642,0.14948,0.05306,0.07184,0.10241,0.03057,0.07167,0.11074,0.03907,0.07907,0.32342,0.24435,0.09813,0.35339,0.25526,0.10118,0.21561,0.11443,0.08777,0.13346,0.04569,0.11706,0.08104,-0.03602,0.09904,0.17803,0.07899,0.10137,0.20899,0.10762,0.07893
s044,0,0,0.06509,0.17488,0.10979,0.04803,0.08365,0.03562,0.04460,0.11395,0.06935,0.06080,0.20765,0.14685,0.04915,0.35226,0.30311,0.04403,0.15197,0.10794,0.07526,0.16837,0.09311,0.06394,0.08657,0.02263,0.06522,0.1794,0.11418,0.06529,0.51612,0.45083,0.06653
s044,0,0,0.04644,0.21502,0.16858,0.06652,0.17839,0.11187,0.05703,0.11462,0.05759,0.06741,0.64105,0.57364,0.05100,0.4297,0.37870,0.06007,0.30316,0.24309,0.05237,0.15227,0.09990,0.08134,0.1021,0.02076,0.05588,0.23433,0.17845,0.07376,0.26286,0.18910,0.08627
s044,0,0,0.05254,0.29919,0.24665,0.05164,0.14429,0.09265,0.06372,0.21141,0.14769,0.04866,0.27407,0.22541,0.05383,0.61933,0.56550,0.05295,0.30676,0.25381,0.07642,0.10528,0.02886,0.08067,0.16905,0.08838,0.05260,0.1882,0.13560,0.09638,0.24805,0.15167,0.03230
s035,0,0,0.06114,0.21224,0.15110,0.08475,0.15934,0.07459,0.05915,0.13785,0.07870,0.07597,0.33063,0.25466,0.07583,0.57967,0.50384,0.13048,0.30854,0.17806,0.06683,0.12298,0.05615,0.08114,0.13559,0.05445,0.08400,0.38646,0.30246,0.08399,0.22226,0.13827,0.07717
s035,0,0,0.07358,0.20096,0.12738,0.06742,0.1461,0.07868,0.06600,0.13064,0.06464,0.09274,0.25253,0.15979,0.06570,0.31145,0.24575,0.12305,0.20949,0.08644,0.06123,0.13995,0.07872,0.05677,0.41994,0.36317,0.05638,0.15577,0.09939,0.06794,0.36154,0.29360,0.09159
s035,0,0,0.08880,0.20968,0.12088,0.12912,0.20305,0.07393,0.10787,0.19142,0.08355,0.12499,0.23843,0.11344,0.12534,0.43493,0.30959,0.18499,0.27741,0.09242,0.07757,0.17691,0.09934,0.13453,0.13981,0.00528,0.09936,0.22281,0.12345,0.08967,0.36422,0.27455,0.08501
s036,0,0,0.08735,0.12252,0.03517,0.06745,0.13506,0.06761,0.06234,0.0672,0.00486,0.07198,0.23407,0.16209,0.09874,0.37463,0.27589,0.09180,0.14618,0.05438,0.07628,0.13815,0.06187,0.09541,0.11779,0.02238,0.07477,0.1995,0.12473,0.07706,0.18894,0.11188,0.07735
s036,0,0,0.07409,0.11883,0.04474,0.07758,0.13977,0.06219,0.05271,0.05566,0.00295,0.10346,0.16867,0.06521,0.08019,0.27152,0.19133,0.10361,0.17358,0.06997,0.09119,0.14178,0.05059,0.09272,0.09998,0.00726,0.10476,0.07283,-0.03193,0.12622,0.22476,0.09854,0.08008
s036,0,0,0.09562,0.21623,0.12061,0.06929,0.07038,0.00109,0.11431,0.10309,-0.01122,0.08801,0.20798,0.11997,0.07774,0.36325,0.28551,0.10530,0.0946,-0.01070,0.09542,0.12648,0.03106,0.12521,0.09129,-0.03392,0.12324,0.10695,-0.01629,0.12420,0.21694,0.09274,0.10854
